,NewSID,time,longitudinal_dist_AV,LateralPosition_AV,localCoor_OrgLaneC,localCoor_tgtLaneC,localCoor_RoadLine,AV_x,AV_y,globalCoor_OrgLaneCx,globalCoor_OrgLaneCy,globalCoor_tgtLaneCx,globalCoor_tgtLaneCy,globalCoor_RoadLanex,globalCoor_RoadLaney,isGenLine,isAvgLC,isGenPointBetw
0,24,0.0,0.0,1.552020760803803,1.884607670385459,-1.879995775116731,0.0,476.8027323787052,4960.54222875181,476.93937092657615,4960.215269219454,476.7781597067708,4963.974155272698,476.7934851679016,4962.094221964121,1,1,1
1,24,0.0999870300292968,1.2227253664127933,1.5543523891598126,1.8818616380312427,-1.8815709025921332,0.0,478.0256681099925,4960.547057018167,478.0262412465769,4960.219545713602,478.00055411275815,4963.982886444463,478.0161895790071,4962.101380506742,1,1,1
2,24,0.1999819278717041,2.445336619572189,1.5562690536440411,1.8834947083787001,-1.8840464907039391,0.0,479.2464432757717,4960.551481398135,479.2470959473948,4960.224255236311,479.2209674831573,4963.991693849462,479.2387844691309,4962.107731606171,1,1,1
3,24,0.2999720573425293,3.661894589588741,1.555880430813142,1.885980666537629,-1.885747052162527,0.0,480.4648069402612,4960.559002274064,480.4659510930227,4960.228903079105,480.4403903144149,4964.000541729627,480.45532163516265,4962.114853791393,1,1,1
4,24,0.3999309539794922,4.876805127899574,1.5557726635990095,1.8880881279595447,-1.887844812657251,0.0,481.6792648236338,4960.565823956741,481.68030686869037,4960.2335091412115,481.6548621881861,4964.009352685829,481.67021361272276,4962.121570290943,1,1,1
5,24,0.4999558925628662,6.088778900589944,1.5548463356655309,1.8901461700935327,-1.889926602509648,0.0,482.89008237112137,4960.573414933685,482.8906630646139,4960.238114047336,482.86537359192226,4964.018093103879,482.88216903196405,4962.128241131881,1,1,1
6,24,0.5999789237976074,7.295777538212227,1.5536903063001164,1.892116302463705,-1.891932521578445,0.0,484.0974799317274,4960.581202421194,484.0990192363203,4960.24277983384,484.0739051673054,4964.02674149938,484.0891494688539,4962.1348703945005,1,1,1
7,24,0.7000019550323486,8.500288723463987,1.5534785015331283,1.8939769408311422,-1.893813438635011,0.0,485.30164134890776,4960.588013577471,485.30337553406054,4960.247519553936,485.27699166412344,4964.03521172387,485.2936425702625,4962.141471486224,1,1,1
8,24,0.7999980449676514,9.703079306873045,1.5548270294363176,1.8956880244395466,-1.895574451854092,0.0,486.5040826500843,4960.59323763153,486.50573155511216,4960.252380623582,486.4805741740969,4964.043554015492,486.4964151910945,4962.148045755235,1,1,1
9,24,0.8999760150909424,10.902038251957048,1.5548153281592096,1.8969214542511963,-1.897411486312365,0.0,487.7037127862624,4960.5995070330655,487.70558715647536,4960.257406040213,487.68069248709355,4964.051654723125,487.69535788258526,4962.154299913247,1,1,1
10,24,0.9999959468841552,12.097475335270023,1.556969376157336,1.898548994431984,-1.8985005090018072,0.0,488.8999067251197,4960.604146636239,488.90094264011253,4960.262567465505,488.87784147739154,4964.059545686146,488.89077570154,4962.161089237205,1,1,1
11,24,1.099984884262085,13.291469272272652,1.5591177523962667,1.899673831711358,-1.8996292115624118,0.0,490.0926063380956,4960.608500776119,490.093797416913,4960.267946448109,490.0715262794484,4964.067181915287,490.0847518969962,4962.167598744046,1,1,1
12,24,1.200010061264038,14.48105575711121,1.5600347071867144,1.900572073588375,-1.9005361129370084,0.0,491.2821066993442,4960.614040842784,491.28315172667334,4960.273504563525,491.26125183228197,4964.074547298872,491.27432086022117,4962.174056121022,1,1,1
13,24,1.2999930381774902,15.667159687482362,1.561530848036555,1.901264545169079,-1.9012492064283204,0.0,492.4686058653611,4960.618976670245,492.4705053534549,4960.27924826707,492.4475129036501,4964.081691476015,492.4604073669138,4962.180485995863,1,1,1
14,24,1.400017023086548,16.850278574662678,1.5621871101015334,1.9017200294499643,-1.9017138413029389,0.0,493.65139853302566,4960.624723026118,493.6533584218085,4960.285195690669,493.63229018640186,4964.088570963196,493.6435089257279,4962.186890213414,1,1,1
15,24,1.5000369548797607,18.02941730134935,1.562196667497513,1.9020145276198317,-1.9020111625973477,0.0,494.83112044011847,4960.631093478643,494.83221120737954,4960.291276678351,494.8116223457918,4964.095246382934,494.8226304136437,4962.193267075716,1,1,1
16,24,1.6000208854675293,19.204508155978598,1.5621538760954057,1.9021565367429158,-1.90215531734681,0.0,496.00674150072615,4960.637489319072,496.00906347392237,4960.297494435019,495.9874896725481,4964.101744945094,495.9977041155238,4962.199617053372,1,1,1
17,24,1.7000069618225098,20.37753068092323,1.5609413915945447,1.9021867337575284,-1.902183021849712,0.0,497.1790612968075,4960.645033199058,497.18138309976626,4960.303795459861,497.1608821486546,4964.1081098833,497.1707095371753,4962.205952247601,1,1,1
18,24,1.8000409603118896,21.54762413038918,1.5593167092119244,1.9021758494114358,-1.9021756546330602,0.0,498.348656683931,4960.652973237691,498.3499088591053,4960.310116110426,498.3302190947573,4964.1144163870285,498.3407859340353,4962.212270082722,1,1,1
19,24,1.8999879360198968,22.713409771930607,1.557016690964444,1.90213936294126,-1.9021380645155663,0.0,499.5149566220509,4960.661538402286,499.51751017790974,4960.31642461064,499.4970745588719,4964.120646864168,499.50655476179656,4962.218532424332,1,1,1
20,24,1.9999709129333496,23.876357173049115,1.5533473135771765,1.9020533995271287,-1.902052276128065,0.0,500.6779128247279,4960.6713740584855,500.68021512580316,4960.322675375603,500.66023175193254,4964.126728277446,500.66948583227355,4962.224698513452,1,1,1
21,24,2.0999948978424072,25.03586967784335,1.5498562449487705,1.9018957324711703,-1.901893441018613,0.0,501.8374867504132,4960.680900354791,501.8389955523239,4960.328863893616,501.81995441538817,4964.132605280983,501.82898267024245,4962.230733268569,1,1,1
22,24,2.1999828815460205,26.19391001800127,1.5446306968665127,1.9016161439877917,-1.901610106414135,0.0,502.9941552413311,4960.6919602052,502.99581394469016,4960.334978611559,502.97820625595443,4964.138164102832,502.98700837162994,4962.236574368011,1,1,1
23,24,2.2999699115753174,27.34655261122633,1.5384492605604874,1.9012222052770447,-1.9012161681061681,0.0,504.1466817747159,4960.703784497043,504.1482172891247,4960.341014784443,504.13106078909465,4964.143414452794,504.13963731041736,4962.242217629435,1,1,1
24,24,2.3999600410461426,28.496250887678052,1.531490650961494,1.9006972112449887,-1.900687547259054,0.0,505.29666204812537,4960.716189175522,505.29865853622863,4960.346987956962,505.2829351654467,4964.1483390547055,505.2893229470369,4962.247662241422,1,1,1
25,24,2.49995493888855,29.644967529069962,1.522833072235209,1.8999989204549674,-1.899985615913918,0.0,506.4441555362477,4960.730045535559,506.4461565393926,4960.352884747088,506.431375712906,4964.152840250224,506.4380282033482,4962.252866280652,1,1,1
26,24,2.5999469757080083,30.7887770002914,1.512207809861556,1.8991605304522754,-1.8991491594839636,0.0,507.5890687783326,4960.7456747746255,507.5912017852221,4960.358727852315,507.57687276339783,4964.157007942515,507.58182728062434,4962.257865245736,1,1,1
27,24,2.699899911880493,31.93209551427008,1.5005868579984163,1.8981741134455765,-1.8981558303530737,0.0,508.7309643478131,4960.76210408937,508.7328130422203,4960.364521039756,508.72040784574045,4964.160829570618,508.7251363301471,4962.262679629824,1,1,1
28,24,2.7998878955841064,33.07099742371584,1.4881530164634154,1.8970118440705357,-1.896990543125449,0.0,509.8694295179062,4960.779126220201,509.8714808738986,4960.370272229395,509.85952705122247,4964.164254639525,509.8640298439477,4962.2672694404355,1,1,1
29,24,2.899878978729248,34.204501425343,1.4731900321277673,1.8957174796868475,-1.8956990738817077,0.0,511.0038373405063,4960.7985141782565,511.0062240090686,4960.375993165655,510.99472076521243,4964.167387689865,510.9975261953441,4962.271690691851,1,1,1
30,24,2.9998679161071777,35.32744773707723,1.4665333522052717,1.9031557842994915,-1.8854944175603614,0.0,512.1356297664364,4960.818322040872,512.1375329847572,4960.381697673867,512.1274612136272,4964.170257774634,512.1204189802438,4962.284776508325,1,1,1
31,24,3.0998518466949463,36.456491565959595,1.459154342893671,1.9121575544383977,-1.8733784034362633,0.0,513.2640920175966,4960.840406793727,513.2658983308887,4960.387400788894,513.2567667920473,4964.17285107189,513.2493988651238,4962.2994871574,1,1,1
32,24,3.199792861938477,37.57457569306707,1.4502250254018387,1.9211078186087645,-1.8612716898684247,0.0,514.3905240367562,4960.864014045489,514.3932823766876,4960.393121286312,514.3831280305176,4964.175260371356,514.3674177802476,4962.314054984639,1,1,1
33,24,3.2997858524322514,38.70362317020031,1.4389519643642177,1.9300189092999454,-1.8488033392310417,0.0,515.5128864779252,4960.889908144316,515.5157603489183,4960.3988438537635,515.5060539916593,4964.177543755208,515.4963976651275,4962.328765633715,1,1,1
34,24,3.3997280597686768,39.821710599683044,1.4249284389135575,1.938862233074583,-1.8364426809861951,0.0,516.6335566892149,4960.918533575969,516.6362757527394,4960.40459445443,516.6270169770676,4964.179732913837,516.6144165802513,4962.343333460954,1,1,1
35,24,3.499680995941162,40.939799470701864,1.4085683697100797,1.9476533114294439,-1.8240394134558395,0.0,517.7513466293857,4960.9494598726005,517.7548285676271,4960.410376712781,517.7445444656636,4964.181900508226,517.7324354953751,4962.357901288194,1,1,1
36,24,3.599668025970459,42.05788966828926,1.3894872870634098,1.9563865783004313,-1.8116594884293806,0.0,518.866224127662,4960.9830713189285,518.8689658665685,4960.416170117389,518.8605995178701,4964.184100197859,518.850454410499,4962.372469115433,1,1,1
37,24,3.6996169090271,43.165019403154396,1.36761529699872,1.9650464571669082,-1.7995475720679248,0.0,519.9775005403602,4961.019424898856,519.9801594495644,4960.421978171497,519.9712556833532,4964.186389212547,519.9575123558666,4962.3868941208375,1,1,1
38,24,3.799602031707764,44.27215024764183,1.3434277291356271,1.9736640362271884,-1.7875802346450664,0.0,521.0849534226194,4961.058046037188,521.0878092946825,4960.427791909028,521.0775387603053,4964.188852318762,521.0645703012343,4962.401319126241,1,1,1
39,24,3.899590015411377,45.40117456299746,1.3162330881521545,1.9813613356742783,-1.7766272232466356,0.0,522.1894168444882,4961.098739453008,522.1936104593709,4960.433604790726,522.1807917940621,4964.1915477049415,522.1935267414868,4962.414966124632,1,1,1
40,24,3.9996140003204346,46.501811354216684,1.2700141405820635,1.9721739141405894,-1.7829340088963368,0.0,523.2900572412932,4961.141563073708,523.2943171650062,4960.439396501461,523.2816799269435,4964.194460366279,523.294213648058,4962.411570412884,1,1,1
41,24,4.099596023559569,47.59846987476583,1.2228609903998409,1.9633585050108548,-1.7890928566873714,0.0,524.3872720203267,4961.185686685575,524.3915247285929,4960.445183832019,524.3780678894216,4964.197588957008,524.3909172118812,4962.408542243039,1,1,1
42,24,4.199579000473023,48.690153290152125,1.1731946624143943,1.9548900921226124,-1.7951294707544647,0.0,525.4799235334469,4961.232667656584,525.4842333737827,4960.4509697277335,525.4699556058894,4964.2009438195455,525.4826411440482,4962.405859171432,1,1,1
43,24,4.299595832824707,49.77885367209796,1.1221915646875553,1.9467942494722452,-1.8009986478308224,0.0,526.5694997814289,4961.281373726095,526.573942650812,4960.456771159844,526.5598427881501,4964.204525428292,526.5713776562993,4962.403563719564,1,1,1
44,24,4.3995840549468985,50.864570504934505,1.06947012700803,1.9390666869455973,-1.806700171233192,0.0,527.6550903285604,4961.332183118951,527.6591529305431,4960.462585679239,527.6442298043658,4964.208305447366,527.6571266011526,4962.401651307425,1,1,1
45,24,4.499562978744507,51.9433189949907,1.0157837897998703,1.9317064147856073,-1.8121815509047834,0.0,528.7349550454063,4961.384335846297,528.740364067528,4960.468417928768,528.7241166030403,4964.212262411798,528.7359034317878,4962.400119193367,1,1,1
46,24,4.59955096244812,53.015098715761106,0.9607198512607035,1.9247308395953135,-1.817435452232171,0.0,529.8072504989657,4961.438245345499,529.8120775239852,4960.47423920806,529.7965035327851,4964.216366001969,529.807708009234,4962.398965087823,1,1,1
47,24,4.699538946151733,54.08190121021172,0.9038610555301991,1.9180669623679658,-1.822531874021681,0.0,530.8733036543136,4961.494285172489,530.8787920458686,4960.480083160389,530.8623903981439,4964.220636820448,530.8745323938992,4962.398145392824,1,1,1
48,24,4.7994890213012695,55.13974178655263,0.8477499980500095,1.9117250898180909,-1.8274324372605855,0.0,531.9325585095903,4961.549904407919,531.9385081634583,4960.48593908334,531.9212772986972,4964.225053025633,531.9323920581443,4962.397654389628,1,1,1
49,24,4.899467945098877,56.191608621002395,0.7911497186877338,1.9057297225230732,-1.8321189137541114,0.0,532.9840039184303,4961.6063741616745,532.9902261302817,4960.491803402601,532.9721643436073,4964.229602718786,532.9842752263421,4962.397523833843,1,1,1
50,24,4.999413967132568,57.234513047037794,0.7343733210064848,1.9000644815590697,-1.83658645932612,0.0,534.0272629242429,4961.663357507904,534.0339459345086,4960.497678342584,534.0150515481903,4964.234277148564,534.0271934708111,4962.397730825626,1,1,1
51,24,5.0993568897247314,58.270446958570595,0.6785320003295201,1.8947155051543825,-1.8408369704802265,0.0,535.0636034377284,4961.719736344595,535.0706673115619,4960.503567637446,535.0519387342571,4964.239071083672,535.0631388878836,4962.3982681859,1,1,1
52,24,5.199343919754028,59.29841403407631,0.6222204956356412,1.8896870863285804,-1.844861819036907,0.0,536.0923229559911,4961.776914836281,536.0993905332971,4960.509465193059,536.0798262516998,4964.243961438924,536.0911152681814,4962.399134159896,1,1,1
53,24,5.299293041229248,60.319410113777714,0.5649215823282017,1.8849648171410398,-1.8486639320574096,0.0,537.113417398842,4961.83539911294,537.1211153307746,4960.515375855395,537.1017137956345,4964.248953853427,537.1121186152444,4962.400319202281,1,1,1
54,24,5.399236917495728,61.333434967390524,0.5073332987754074,1.8805402650338483,-1.8522484245172892,0.0,538.1267281807038,4961.894479656403,538.1348419788145,4960.52129245228,538.1146017230102,4964.254025055583,538.1261488381258,4962.401812624392,1,1,1
55,24,5.499218940734863,62.33849620885538,0.45020389806847144,1.8764134342125685,-1.8556038483063981,0.0,539.1326205233057,4961.9534021935215,539.1415702152271,4960.5272190400765,539.1204898400632,4964.259176754168,539.1312136507661,4962.403603893369,1,1,1
56,24,5.599165916442871,63.340570245884734,0.39358677642166967,1.8725602474090155,-1.858750206385629,0.0,540.134252505962,4962.012113355235,540.1432995106973,4960.533165461029,540.122377836982,4964.264417131348,540.1332895657589,4962.405698953701,1,1,1
57,24,5.699152946472168,64.33666862731775,0.33564028291692355,1.8689883997989092,-1.861674913415157,0.0,541.1300836382945,4962.072447482893,541.1390301459198,4960.539123516688,541.1182659623024,4964.269728734576,541.129388198574,4962.408087045341,1,1,1
58,24,5.79913592338562,65.3257951045471,0.2785934661834711,1.8656972856460778,-1.8643736231767265,0.0,542.1195008326921,4962.1321679794655,542.1287621341107,4960.545090559769,542.108154244081,4964.275104539081,542.1185133723027,4962.410759695642,1,1,1
59,24,5.8991289138793945,66.30994174113528,0.22090178578181302,1.862679387344377,-1.866851217587179,0.0,543.1029156398496,4962.192815418886,543.1124954908537,4960.551063648213,543.0910428245337,4964.280532142015,543.1026572076777,4962.413717053499,1,1,1
60,24,5.9991538524627686,67.28711620858243,0.1634558889846653,1.8599368771833011,-1.8691004632188366,0.0,544.0800222224892,4962.253491591578,544.0902302346782,4960.557039579447,544.0689315046268,4964.286016068499,544.0798274372153,4962.416947364502,1,1,1
61,24,6.09917688369751,68.2583144892479,0.10752997345571562,1.8574654432306033,-1.8711240863041834,0.0,545.0515927523885,4962.31291965878,545.061966384764,4960.563014918384,545.0398205417641,4964.291538676089,545.0510200883524,4962.420448107328,1,1,1
62,24,6.1991260051727295,69.2235364796973,0.051143384881005685,1.8552687033500201,-1.8729155420437522,0.0,546.0169000104713,4962.373080219098,546.0277039611223,4960.568986027368,546.0057097357012,4964.297105248102,546.0162350737431,4962.424219281234,1,1,1
63,24,6.299149990081787,70.1837781759017,-0.009279811368643812,1.853343238251813,-1.8744757750793872,0.0,546.9766479180346,4962.437537966993,546.9884427166147,4960.574955336492,546.9655992296915,4964.302704154062,546.976468416742,4962.428259891852,1,1,1
64,24,6.399143934249878,71.1400355802319,-0.06578874668548447,1.8516816392673563,-1.8758113441354165,0.0,547.9323383972812,4962.498353553072,547.9441826686001,4960.580919755122,547.921488810221,4964.308343635102,547.9327161571655,4962.4325658909465,1,1,1
65,24,6.4991629123687735,72.09131250750121,-0.12372436712620101,1.8502866483415865,-1.8769181084939972,0.0,548.8836036258922,4962.560852593339,548.8959235738183,4960.586880691255,548.8733785110483,4964.3140169609205,548.8839821418616,4962.437128805221,1,1,1
66,24,6.599148035049439,73.03561667164631,-0.1827342813045668,1.8491603865127084,-1.8777926271753833,0.0,549.8271390950277,4962.624664582656,549.8396665498366,4960.592808533838,549.8172688296864,4964.319694203624,549.8282741322605,4962.441933826475,1,1,1
67,24,6.699163913726808,73.9709557930024,-0.23851203411069838,1.848302370439393,-1.8784351354623277,0.0,550.7622678373592,4962.685471712211,550.7754116247575,4960.598698769668,550.7521599151014,4964.325363697262,550.763599906296,4962.446963397874,1,1,1
68,24,6.799154043197633,74.8983259238592,-0.29562196226916504,1.8476987089558783,-1.8788580920228242,0.0,551.6894396604894,4962.747823149703,551.7031588275701,4960.604546664258,551.6800515669125,4964.331031525062,551.6909555810573,4962.452205074206,1,1,1
69,24,6.8991780281066895,75.81872309859739,-0.3522134516569266,1.84735464258805,-1.8790544437897234,0.0,552.6088700224618,4962.809871527112,552.6229081836248,4960.610348311985,552.5989440492616,4964.336680290897,552.6113371568225,4962.4576667162755,1,1,1
70,24,6.9991629123687735,76.73015506264271,-0.40829357403858874,1.8472678222348216,-1.8790274115648549,0.0,553.5202490930529,4962.871614834892,553.5346597201724,4960.616099489896,553.5108371511873,4964.342318567809,553.5227524391396,4962.463328935234,1,1,1
71,24,7.099151849746704,77.6336178275771,-0.4654683613266595,1.8474579747515028,-1.87875883378461,0.0,554.422769976954,4962.9346689246895,554.4374137377529,4960.621789256202,554.4137311243163,4964.347930656308,554.4261973360655,4962.469213181782,1,1,1
72,24,7.199134826660156,78.52612306638505,-0.5220030723631277,1.847906439400836,-1.8782679530680335,0.0,555.3151337745106,4962.997267785642,555.3301705415431,4960.627406047029,555.306626113588,4964.353506034879,555.3186836780694,4962.475276784052,1,1,1
73,24,7.299124002456665,79.4086668653873,-0.5772837920217008,1.8485959597393338,-1.8775700399421533,0.0,556.1967609690613,4963.0587713653495,556.2119304275632,4960.632939838645,556.1885222766185,4964.3590318859615,556.2012076224661,4962.481504699237,1,1,1
74,24,7.39910888671875,80.28025312629997,-0.632257609200685,1.8495114143286926,-1.8766769202951457,0.0,557.0677525181994,4963.1201120823325,557.083693134742,4960.638395230509,557.0594196404462,4964.364503818561,557.0727731553812,4962.487874407408,1,1,1
75,24,7.499096870422362,81.14187785445819,-0.6869272159231199,1.8506776331056025,-1.8755671933434392,0.0,557.9288790810324,4963.181315938568,557.9444589670551,4960.643760551479,557.9213179816584,4964.369932453563,557.9343761582594,4962.494410717946,1,1,1
76,24,7.599087953567505,81.99354098721324,-0.7402557118768109,1.8521036293311026,-1.8742365467845274,0.0,558.7797795068692,4963.241345815602,558.7962274274513,4960.64904089714,558.772217555117,4964.375302128171,558.7860165384889,4962.501116379276,1,1,1
77,24,7.699065923690796,82.83524262223828,-0.7911364399138733,1.8537390302856274,-1.872727929301995,0.0,559.6208047696308,4963.299047898649,559.636999046102,4960.654225781093,559.6141181582911,4964.380620177421,559.6276946254885,4962.5079414605225,1,1,1
78,24,7.799052953720093,83.66598663506127,-0.842598250090634,1.8555841282879462,-1.8710398496641958,0.0,560.451107814106,4963.357446809129,560.4677735598785,4960.659319713409,560.4450200377885,4964.385872144393,560.4584142973442,4962.514880238253,1,1,1
79,24,7.899044990539551,84.48676893139131,-0.8917018175096967,1.8576979765475399,-1.8691275909290233,0.0,561.2710167451231,4963.413646177632,561.2875513263004,4960.66430257151,561.2649232150386,4964.3910549318125,561.2791712106889,4962.5219816465205,1,1,1
80,24,7.9990289211273184,85.2975897329289,-0.9405303033080423,1.8599944198433174,-1.8670618734195974,0.0,562.0811055458992,4963.469660198021,562.098331740666,4960.669196024858,562.0748275874404,4964.396172131581,562.0899659454482,4962.529171630967,1,1,1
81,24,8.099019050598145,86.10044111438413,-0.986638620938892,1.8625125629917663,-1.8648072063469934,0.0,562.8839220868618,4963.52309155195,562.9011145756505,4960.673998826537,562.8787326964596,4964.401247006939,562.8927903718941,4962.5364927875835,1,1,1
82,24,8.199005842208862,86.8964604105125,-1.0333605605239884,1.865275986969654,-1.8623542764796424,0.0,563.6788571470864,4963.577276930284,563.6958998852009,4960.678701624607,563.6736389197363,4964.40625674194,563.6887817261753,4962.543964029573,1,1,1
83,24,8.299028873443604,87.68370943599221,-1.0783818698660221,1.8681868477775934,-1.859779457763088,0.0,564.4654102328361,4963.629823603756,564.4826875797398,4960.683318867348,564.460546131906,4964.41120898416,564.4760022563514,4962.551493753343,1,1,1
84,24,8.3990478515625,88.4599682034983,-1.1232241816586488,1.8713196838318513,-1.857029532060203,0.0,565.2415184140816,4963.682288100018,565.2584786253999,4960.6878057545255,565.2364547314413,4964.416077522915,565.2522317621095,4962.559115011649,1,1,1
85,24,8.499062061309813,89.22723522146232,-1.1638751469566102,1.8745618828646162,-1.8541978957550904,0.0,566.0078492033452,4963.73056831323,566.0252723385663,4960.692198273517,566.0033644565015,4964.420879129136,566.01946917151,4962.566751173795,1,1,1
86,24,8.599048852920532,89.9835122138554,-1.2067408920052187,1.8779666331092024,-1.8512478226158644,0.0,566.7632657165527,4963.781095867965,566.7810693938719,4960.696460202025,566.759275587782,4964.425594024155,566.775716085738,4962.574419205082,1,1,1
87,24,8.699069023132324,90.72879946703833,-1.246047655125307,1.881454210205996,-1.8482463254239336,0.0,567.507889180431,4963.8280354215285,567.5248699402324,4960.700606286588,567.5041880984694,4964.430226567769,567.5209731207455,4962.582056461293,1,1,1
88,24,8.799051046371462,91.46309688177354,-1.2847790712271698,1.8850574775619617,-1.8451643387877206,0.0,568.2422282271981,4963.874394639546,568.2596733029925,4960.704629195444,568.2391019181267,4964.43477522376,568.2552400772221,4962.58968146003,1,1,1
89,24,8.899116039276123,92.18790327099515,-1.3221033618467566,1.888717389304788,-1.8420633891765115,0.0,568.9658914368467,4963.919285917676,568.98297999383,4960.708542943471,568.9625171746304,4964.439238278736,568.9800159858139,4962.597258007031,1,1,1
90,24,8.999142885208132,92.90072092395835,-1.3579335380800757,1.8924676805679426,-1.8389143089736026,0.0,569.6781574905872,4963.962633284156,569.6952900766563,4960.71231268037,569.6749338872628,4964.443606213474,569.6928031416263,4962.604778726868,1,1,1
91,24,9.099164962768556,93.60105052242314,-1.392199833385282,1.8962285123207685,-1.8357725135480336,0.0,570.3782645419042,4964.004317247684,570.3951037395418,4960.715969030986,570.3758520404094,4964.447887949285,570.3931024817272,4962.612196487255,1,1,1
92,24,9.199189901351929,94.28939157614724,-1.424863026095364,1.9000301274451188,-1.8326321886759074,0.0,571.0658737466325,4964.044295645016,571.0829209827463,4960.719487831331,571.0637718675679,4964.452064634877,571.0814134967513,4962.619517360756,1,1,1
93,24,9.299248933792112,94.96474510988348,-1.457597266643619,1.9038449829352668,-1.8295117090020674,0.0,571.7408324645472,4964.0842261273165,571.757742030255,4960.722870920157,571.7386933556184,4964.456138363283,571.7567373461649,4962.626715638,1,1,1
94,24,9.39928102493286,95.62561261642074,-1.4859523857195036,1.9076291875680418,-1.8264356795442884,0.0,572.4017505818707,4964.119630287874,572.4185670407512,4960.726133241564,572.3996165811411,4964.460109554311,572.4175756714476,4962.633762171531,1,1,1
95,24,9.499343872070312,96.27149460045584,-1.5153561783917517,1.9114025500985026,-1.8234064518952537,0.0,573.0474158471134,4964.155915428391,573.0638965350164,4960.729241367518,573.0455417152845,4964.463962574209,573.063429053399,4962.640643860449,1,1,1
96,24,9.599366903305055,96.89989350672919,-1.5416536177150904,1.9151335603639272,-1.820451817895881,0.0,573.6754316461095,4964.188887725994,573.6912311397898,4960.732187530985,573.6734691007399,4964.467680530253,573.6918001329433,4962.647321006824,1,1,1
97,24,9.699389934539797,97.5093107410081,-1.5667013514424504,1.9187792805833424,-1.81757970465947,0.0,574.2850587992722,4964.220399155713,574.301070590962,4960.735001579208,574.2833986770884,4964.471273480033,574.3011903764283,4962.653780856052,1,1,1
98,24,9.799414873123167,98.1012449012333,-1.590611570252792,1.9223575691123962,-1.8147985088446001,0.0,574.8761083623652,4964.250550928614,574.8919152935202,4960.737672894795,574.8748305102796,4964.474736663637,574.8930983798062,4962.660030099851,1,1,1
99,24,9.899447917938232,98.67319840327603,-1.6130305170315633,1.9258419252193144,-1.8121169030298718,0.0,575.4482248604812,4964.278976757381,575.4637652850082,4960.740192237611,575.4472646806546,4964.478063600398,575.4650267308779,4962.666033749701,1,1,1
100,24,9.999510049819945,99.22367267667084,-1.6335133198576892,1.9292208560119732,-1.809555187353516,0.0,575.9983932469169,4964.305197286129,576.0136213137724,4960.742553338056,575.9972015728741,4964.481236201653,576.0154769534914,4962.671773301635,1,1,1
101,24,10.099495887756348,99.75066960621713,-1.652367911960652,1.932469072536797,-1.8071160638924646,0.0,576.5256716305688,4964.329512792513,576.5404835896288,4960.744762007002,576.5246411669219,4964.484258378175,576.5424510193219,4962.677230078027,1,1,1
102,24,10.199522018432615,100.25319012826208,-1.6698154544993804,1.9355797736786444,-1.8048121805809862,0.0,577.0278652677432,4964.352122300797,577.042352604497,4960.74681621799,577.0270837334143,4964.487117997051,577.0449499165861,4962.68239424903,1,1,1
103,24,10.299582958221436,100.73273279171704,-1.6852754078431629,1.9385554678831942,-1.8026351152218276,0.0,577.5072352136423,4964.372470069146,577.5212278085452,4960.748730059726,577.5065290316609,4964.489828624647,577.5244721307882,4962.687282812795,1,1,1
104,24,10.39961290359497,101.18729947686082,-1.699177269982031,1.9413748299375913,-1.8005912178468746,0.0,577.9622218979537,4964.390972630353,577.9761094324483,4960.750505743128,577.9614772178378,4964.4923841535365,577.9790196192961,4962.69187839183,1,1,1
105,24,10.499640941619871,101.61788922077474,-1.7119786976412767,1.9440518860244325,-1.7986807139765706,0.0,578.3925573801471,4964.4080846531815,578.4064976013389,4960.752141276651,578.3919282919345,4964.494784686762,578.4095913879569,4962.69619070093,1,1,1
106,24,10.599673032760618,102.02999676541887,-1.7229671559054351,1.946611157981271,-1.7968755820013835,0.0,578.8047145165698,4964.4231611305295,578.8183907170901,4960.753669146817,578.8043814949748,4964.497069817602,578.8216819402231,4962.700277522486,1,1,1
107,24,10.699695825576784,102.42761827056121,-1.7321004749971605,1.949078135021601,-1.7951565598726358,0.0,579.2024758732857,4964.436203573814,579.2157877170048,4960.75510969099,579.2023364169752,4964.499261213103,579.2192872397416,4962.704184684355,1,1,1
108,24,10.799718856811523,102.81425038987324,-1.7418025077371633,1.9514763739258258,-1.7935090653527148,0.0,579.5890520813944,4964.449670429906,579.6016878072473,4960.756477623236,579.588792709707,4964.5013768819545,579.6059037845899,4962.707949443049,1,1,1
109,24,10.899744033813477,103.19688645906942,-1.75028417226983,1.9538402350873634,-1.7918986802176347,0.0,579.9719096279415,4964.461846530247,579.9845887792848,4960.757804949816,579.9717494640668,4964.503461377451,579.9885246238158,4962.711641220688,1,1,1
110,24,10.999763011932371,103.57402793781975,-1.7566482921874087,1.9561714569577107,-1.7903427804728653,0.0,580.3487249435663,4964.471800960047,580.3609915746009,4960.759068311032,580.3487069845464,4964.505496813299,580.3656513470678,4962.715234217988,1,1,1
111,24,11.09978699684143,103.94617432389563,-1.7635975198011902,1.958458775728727,-1.788835992203279,0.0,580.7210328134526,4964.482256393792,580.7328956328406,4960.760285747602,580.7206651377256,4964.507492507763,580.7377834038557,4962.71873842406,1,1,1
112,24,11.199810028076172,104.31082796122907,-1.7681388482406653,1.9606900160434206,-1.7873793169098027,0.0,581.0862038241821,4964.490201500854,581.0978015859178,4960.761452476247,581.0861240822509,4964.509442044949,581.1024231962788,4962.7221370454035,1,1,1
113,24,11.299867868423462,104.66249405144751,-1.77118727475562,1.9628372791741473,-1.785997614174838,0.0,581.4382135046403,4964.496499079817,581.4497109749253,4960.762550413229,581.4380845994643,4964.511308858715,581.4540761132035,4962.725382838599,1,1,1
114,24,11.399860858917236,105.00217170475456,-1.7745748967055224,1.964897792420017,-1.7847020905281346,0.0,581.7778903116932,4964.502968449625,581.7893446324409,4960.763571474216,581.7776376052026,4964.513093782759,581.793741354798,4962.728464347502,1,1,1
115,24,11.499883890151978,105.32186841001523,-1.7765263208274447,1.966831076518047,-1.783500947622782,0.0,582.0977202656996,4964.50779368052,582.1084906806914,4960.7645119075105,582.097712231204,4964.514768508069,582.1134265373992,4962.7313367906345,1,1,1
116,24,11.599910020828249,105.62308272878658,-1.7785808693931917,1.9686471783065167,-1.7823876210367808,0.0,582.398713295209,4964.512528211385,582.4092722389522,4960.765378677585,582.3988416712328,4964.516336256978,582.4146301410643,4962.734018564802,1,1,1
117,24,11.699925899505615,105.90281754607985,-1.7799478121990633,1.9703128372504684,-1.7813843430201528,0.0,582.678929296074,4964.516346445716,582.6892076245375,4960.766159366707,582.6790317039887,4964.51778391434,582.6943552656734,4962.73646547958,1,1,1
118,24,11.799912929534912,106.16307085471847,-1.7800346556303743,1.971860577551877,-1.7804571057417427,0.0,582.9391709948562,4964.518702960711,582.9497857919418,4960.766880468966,582.9392793968602,4964.519126362784,582.9545995932436,4962.738735170667,1,1,1
119,24,11.899898052215574,106.4053413245084,-1.7814269721749787,1.9732854818666936,-1.779626497751941,0.0,583.1818131552062,4964.522167676874,583.1919994725891,4960.767524778229,583.1815790298173,4964.520365142865,583.1968619644489,4962.740804269107,1,1,1
120,24,11.999923944473268,106.62763072757139,-1.783278112420607,1.9745956851221231,-1.7788639504263943,0.0,583.4039091233392,4964.525915754857,583.4138632356537,4960.768114096278,583.4039363076995,4964.521501663987,583.4191439339053,4962.742702720252,1,1,1
121,24,12.099912881851196,106.83043867002249,-1.7838728092334373,1.975774165836935,-1.7781945152479415,0.0,583.607018491341,4964.528211212081,583.616369803371,4960.768634556026,583.6068498264442,4964.522531294777,583.6219452983335,4962.744400855021,1,1,1
122,24,12.19989800453186,107.01426460164656,-1.7850811216699942,1.9768382822428119,-1.7775907899068741,0.0,583.7909805367477,4964.53095502358,583.8005118153567,4960.769103827993,583.7908181115064,4964.523463075401,583.8057652958437,4962.7459351296175,1,1,1
123,24,12.29988694190979,107.17960804678094,-1.7867740439427742,1.9777938351355469,-1.7770504102031228,0.0,583.9567281120839,4964.534026399596,583.9657929243446,4960.769523478634,583.9568382742333,4964.5243033371835,583.9711034323432,4962.747310184223,1,1,1
124,24,12.399867057800291,107.32746810209966,-1.7887712014201442,1.9786363425569573,-1.7765877853038456,0.0,584.1046361566591,4964.537228179373,584.1137021801626,4960.769884960451,584.1049103419564,4964.525046559382,584.1189588948788,4962.748514320144,1,1,1
125,24,12.499824047088625,107.45784470563997,-1.7893689515511797,1.97937863819071,-1.7761811615554424,0.0,584.2349078066396,4964.5388868931095,584.2442395435188,4960.77020398635,584.2350342802586,4964.525699694041,584.249331447993,4962.749576075128,1,1,1
126,24,12.599804878234863,107.57123738435297,-1.7903436101419896,1.9800260960157468,-1.7758275369957077,0.0,584.3482489742988,4964.540784638162,584.3574050144131,4960.77048055633,584.3482072074409,4964.526267746024,584.3627206033835,4962.750499517203,1,1,1
127,24,12.699792861938477,107.6706433078532,-1.7910781878671465,1.980590972867357,-1.7755191033943454,0.0,584.4480348926602,4964.542328457478,584.4566729736006,4960.770722207453,584.4479190389071,4964.52676796432,584.4621234583366,4962.751305680579,1,1,1
128,24,12.799779891967772,107.75506344285562,-1.7925719530028994,1.9810606051885018,-1.7752683817243662,0.0,584.5324828362093,4964.544492184722,584.5415470971358,4960.770921047827,584.5326741136269,4964.527189580562,584.5465410783773,4962.751975358436,1,1,1
129,24,12.899773836135864,107.8249972826702,-1.7926183784835166,1.981453742627413,-1.7750618863272742,0.0,584.6022451593587,4964.545092037558,584.6110346836558,4960.771083841116,584.6024724104549,4964.527536793937,584.6164728346242,4962.752530121156,1,1,1
130,24,12.999755859375,107.87994529977367,-1.7938495350125627,1.9817627058444054,-1.7748996471558482,0.0,584.6569883044139,4964.54675749434,584.6656320730644,4960.771211750128,584.6573139293912,4964.527809604446,584.6714192145325,4962.752966006152,1,1,1
131,24,13.09978199005127,107.91890843923078,-1.794450012981934,1.9819515144013744,-1.7747831754862142,0.0,584.6963833064799,4964.547670504045,584.7053392653617,4960.771304774864,584.6967001111727,4964.528005531994,584.7103811930128,4962.753275088239,1,1,1
132,24,13.199765920639038,107.94538339299127,-1.794605213522705,1.9820186533278543,-1.77470644333625,0.0,584.7223712589328,4964.548031868188,584.7311489403547,4960.771365240943,584.7226251928516,4964.528134496962,584.7368553578777,4962.753485105554,1,1,1
133,24,13.299794912338257,107.96036921588414,-1.7946696695145647,1.9821074553145945,-1.7746621994543537,0.0,584.7376772355716,4964.548217762895,584.7465354773699,4960.771401288028,584.7375819707433,4964.528208899828,584.7518407342163,4962.75360398328,1,1,1
134,24,13.399778842926024,107.96586401761331,-1.795243356343964,1.9821288479559769,-1.7746459768152654,0.0,584.7430954924038,4964.548834451834,584.7519952163108,4960.771414078929,584.7430661226371,4964.528236180879,584.7573353722072,4962.75364757178,1,1,1
135,24,13.499768018722534,107.96586401761331,-1.7956841044061962,1.9821288479559769,-1.7746459768152654,0.0,584.7430227223598,4964.549274635196,584.7519952163108,4960.771414078929,584.7430661226371,4964.528236180879,584.7573353722072,4962.75364757178,1,1,1
136,24,13.599758863449097,107.96386590789352,-1.7954954406386079,1.9821193288019527,-1.774651875949734,0.0,584.7410808784306,4964.549070562249,584.7500098566959,4960.771409427693,584.7410718855848,4964.528226260497,584.7553373220287,4962.753631721416,1,1,1
137,24,13.699779987335203,107.96536449018338,-1.7954398351145933,1.9821262817394314,-1.7746474515971857,0.0,584.7426724791402,4964.549027579311,584.751498876407,4960.77141291612,584.742567563374,4964.528233700783,584.7568358596626,4962.75364360919,1,1,1
138,24,13.799765825271606,107.96736259990327,-1.7960009430244837,1.9821372923091933,-1.7746415524699257,0.0,584.7446866776546,4964.549604682316,584.7534842360219,4960.771417567357,584.7445618004263,4964.5282436211655,584.7588339098411,4962.753659459553,1,1,1
139,24,13.899755001068115,107.9683616547632,-1.7958488220965976,1.9821403556603006,-1.7746386029099006,0.0,584.7453724012505,4964.549457986333,584.7539805759257,4960.771418730166,584.7455589189523,4964.528248581357,584.7598329349303,4962.753667384734,1,1,1
140,24,13.999783039093018,107.96686307247332,-1.7962472148698883,1.982134353241831,-1.774643027251181,0.0,584.7440886236807,4964.549846220371,584.7529878961183,4960.771416404547,584.7440632411632,4964.52824114107,584.7583343972965,4962.753655496962,1,1,1
141,24,14.09976887702942,107.96436543532343,-1.7959420839810183,1.9821215221624269,-1.7746504011653292,0.0,584.7417046789205,4964.549522164604,584.7505061965996,4960.771410590502,584.7415704448479,4964.528228740593,584.7558368345733,4962.753635684007,1,1,1
142,24,14.199795007705688,107.96086874331411,-1.7958591600901153,1.9821087786633087,-1.7746607246662753,0.0,584.7380707291071,4964.54941041378,584.7470318172736,4960.771402450838,584.7380805300064,4964.528211379924,584.752340246761,4962.753607945871,1,1,1
143,24,14.299783945083618,107.95487441415602,-1.7954813889834427,1.9821011015461145,-1.7746784221560463,0.0,584.7320273932082,4964.548984688069,584.7410757384291,4960.771388497127,584.7320978188498,4964.528181618777,584.7463460962256,4962.753560394781,1,1,1
144,24,14.399807929992676,107.95337583186665,-1.795261934617745,1.9821019787802567,-1.7746813946405486,0.0,584.7307673199905,4964.548755225124,584.7395867187179,4960.771385008699,584.7311007003236,4964.528176658586,584.7448475585917,4962.753548507008,1,1,1
145,24,14.499801874160768,107.95237677700717,-1.7956566256476418,1.982093204241319,-1.7746843213357975,0.0,584.7298307788757,4964.549142491992,584.7385940389105,4960.77138268308,584.7301035817975,4964.5281716983945,584.7438485335025,4962.753540581827,1,1,1
146,24,14.599823951721191,107.9528763044369,-1.7955530445941317,1.982093204241319,-1.7746843213357975,0.0,584.7299329081762,4964.549039723957,584.7385940389105,4960.77138268308,584.7301035817975,4964.5281716983945,584.7443480460471,4962.753544544417,1,1,1
147,24,14.699846029281616,107.95237677700717,-1.7955127237856712,1.982087364234087,-1.7746857961313653,0.0,584.7294690645617,4964.548995725279,584.7380976990067,4960.7713815202715,584.7296050225344,4964.528169218299,584.7438485335025,4962.753540581827,1,1,1
148,24,14.799829959869385,107.95237677700717,-1.795124283474216,1.982093204241319,-1.7746857961313653,0.0,584.7294994739241,4964.548607515846,584.7385940389105,4960.77138268308,584.7296050225344,4964.528169218299,584.7438485335025,4962.753540581827,1,1,1
149,24,14.89985203742981,107.95187724957734,-1.7949011131391372,1.982087364234087,-1.7746857961313653,0.0,584.7293280753787,4964.5483829689365,584.7380976990067,4960.7713815202715,584.7296050225344,4964.528169218299,584.7433490209578,4962.753536619236,1,1,1
150,24,14.999835968017578,107.95187724957734,-1.7949195018391793,1.9820816485005228,-1.7746872709292756,0.0,584.7290003863183,4964.548398768474,584.7376013591031,4960.7713803574625,584.7291064632715,4964.528166738204,584.7433490209578,4962.753536619236,1,1,1
151,24,15.099792957305908,107.95187724957734,-1.7950854760611905,1.982087364234087,-1.7746872709292756,0.0,584.7291429655203,4964.548565882049,584.7380976990067,4960.7713815202715,584.7291064632715,4964.528166738204,584.7433490209578,4962.753536619236,1,1,1
152,24,15.199774026870728,107.95187724957734,-1.7949652240889533,1.982087364234087,-1.7746872709292756,0.0,584.7290736107,4964.548445076052,584.7380976990067,4960.7713815202715,584.7291064632715,4964.528166738204,584.7433490209578,4962.753536619236,1,1,1
153,24,15.29976201057434,107.95187724957734,-1.7950045007354907,1.9820816485005228,-1.7746872709292756,0.0,584.7289583819713,4964.548483433816,584.7376013591031,4960.7713803574625,584.7291064632715,4964.528166738204,584.7433490209578,4962.753536619236,1,1,1
154,24,15.399751901626589,107.95187724957734,-1.7949281429571857,1.982087364234087,-1.7746872709292756,0.0,584.7290350989431,4964.548407687033,584.7380976990067,4960.7713815202715,584.7291064632715,4964.528166738204,584.7433490209578,4962.753536619236,1,1,1
155,24,15.499737024307253,107.95187724957734,-1.7950390135502823,1.982087364234087,-1.7746872709292756,0.0,584.7290368977121,4964.548518575495,584.7380976990067,4960.7713815202715,584.7291064632715,4964.528166738204,584.7433490209578,4962.753536619236,1,1,1
156,24,15.599715948104858,107.95137772214761,-1.7948568231028812,1.9820816485005228,-1.7746872709292756,0.0,584.7288414998927,4964.548334815975,584.7376013591031,4960.7713803574625,584.7291064632715,4964.528166738204,584.7428495084132,4962.753532656645,1,1,1
157,24,15.699703931808472,107.95137772214761,-1.7948307093051938,1.9820816485005228,-1.7746872709292756,0.0,584.7287955489527,4964.548308342152,584.7376013591031,4960.7713803574625,584.7291064632715,4964.528166738204,584.7428495084132,4962.753532656645,1,1,1
158,24,15.799684047698976,107.95137772214761,-1.7948502680936835,1.9820816485005228,-1.7746887457268028,0.0,584.7287124440462,4964.548327248872,584.7376013591031,4960.7713803574625,584.7286079040084,4964.5281642581085,584.7428495084132,4962.753532656645,1,1,1
159,24,15.899667978286743,107.95137772214761,-1.7949027615903443,1.9820816485005228,-1.7746872709292756,0.0,584.7288114275087,4964.548380520908,584.7376013591031,4960.7713803574625,584.7291064632715,4964.528166738204,584.7428495084132,4962.753532656645,1,1,1
160,24,15.999687910079956,107.95137772214761,-1.795036038546505,1.9820816485005228,-1.7746872709292756,0.0,584.7288187024827,4964.548513858821,584.7376013591031,4960.7713803574625,584.7291064632715,4964.528166738204,584.7428495084132,4962.753532656645,1,1,1
161,24,16.09968090057373,107.95137772214761,-1.7950245679938661,1.9820816485005228,-1.7746872709292756,0.0,584.7288102618413,4964.54850232192,584.7376013591031,4960.7713803574625,584.7291064632715,4964.528166738204,584.7428495084132,4962.753532656645,1,1,1
162,24,16.199697017669678,107.95137772214761,-1.7950550324697183,1.9820816485005228,-1.7746872709292756,0.0,584.728787550718,4964.548532609553,584.7376013591031,4960.7713803574625,584.7291064632715,4964.528166738204,584.7428495084132,4962.753532656645,1,1,1
163,24,16.299728870391846,107.95137772214761,-1.7950350861971602,1.9820816485005228,-1.7746872709292756,0.0,584.7287776562273,4964.548512585127,584.7376013591031,4960.7713803574625,584.7291064632715,4964.528166738204,584.7428495084132,4962.753532656645,1,1,1
164,24,16.399760961532593,107.95137772214761,-1.7950492031537484,1.9820816485005228,-1.7746887457268028,0.0,584.7287506059879,4964.548526490254,584.7376013591031,4960.7713803574625,584.7286079040084,4964.5281642581085,584.7428495084132,4962.753532656645,1,1,1
165,24,16.499786853790287,107.95137772214761,-1.795092701189487,1.9820816485005228,-1.7746887457268028,0.0,584.7286834175899,4964.5485694606505,584.7376013591031,4960.7713803574625,584.7286079040084,4964.5281642581085,584.7428495084132,4962.753532656645,1,1,1
166,24,16.599807024002075,107.95137772214761,-1.7950893895969413,1.9820816485005228,-1.7746887457268028,0.0,584.7285834538792,4964.548565357275,584.7376013591031,4960.7713803574625,584.7286079040084,4964.5281642581085,584.7428495084132,4962.753532656645,1,1,1
167,24,16.69979691505432,107.95137772214761,-1.7949854987476082,1.9820816485005228,-1.7746887457268028,0.0,584.7286520496077,4964.548462007031,584.7376013591031,4960.7713803574625,584.7286079040084,4964.5281642581085,584.7428495084132,4962.753532656645,1,1,1
168,24,16.79982590675354,107.95137772214761,-1.7948245343020033,1.982076057041699,-1.7746887457268028,0.0,584.7284902594962,4964.548299750421,584.7371050191994,4960.7713791946535,584.7286079040084,4964.5281642581085,584.7428495084132,4962.753532656645,1,1,1
169,24,16.89985203742981,107.95137772214761,-1.7950917968296498,1.982076057041699,-1.7746887457268028,0.0,584.7285026559854,4964.548567120623,584.7371050191994,4960.7713791946535,584.7286079040084,4964.5281642581085,584.7428495084132,4962.753532656645,1,1,1
170,24,16.99987483024597,107.95137772214761,-1.794785373613453,1.982076057041699,-1.7746887457268028,0.0,584.728379639662,4964.548259700024,584.7371050191994,4960.7713791946535,584.7286079040084,4964.5281642581085,584.7428495084132,4962.753532656645,1,1,1
171,24,17.099926948547367,107.95087819471792,-1.7949960763468271,1.982076057041699,-1.7746902205248551,0.0,584.7280948689203,4964.548468165305,584.7371050191994,4960.7713791946535,584.7281093447453,4964.528161778013,584.7423499958686,4962.753528694054,1,1,1
172,24,17.19991683959961,107.95087819471792,-1.7949502457686544,1.982076057041699,-1.7746902205248551,0.0,584.7280505480245,4964.548421980736,584.7371050191994,4960.7713791946535,584.7281093447453,4964.528161778013,584.7423499958686,4962.753528694054,1,1,1
173,24,17.29993200302124,107.95087819471792,-1.794777790539522,1.982070589858669,-1.7746902205248551,0.0,584.7279577195068,4964.548248778021,584.7366086792956,4960.7713780318445,584.7281093447453,4964.528161778013,584.7423499958686,4962.753528694054,1,1,1
174,24,17.399919986724857,107.9503786672882,-1.7949010597846677,1.982070589858669,-1.7746902205248551,0.0,584.7277744974051,4964.548370597001,584.7366086792956,4960.7713780318445,584.7281093447453,4964.528161778013,584.741850483324,4962.753524731464,1,1,1
175,24,17.499934911727905,107.9503786672882,-1.7948073819053563,1.982070589858669,-1.7746916953225227,0.0,584.7277443780115,4964.548276679766,584.7366086792956,4960.7713780318445,584.7276107854823,4964.528159297917,584.741850483324,4962.753524731464,1,1,1
176,24,17.599956989288327,107.9503786672882,-1.79490402646141,1.982070589858669,-1.7746916953225227,0.0,584.7276165314772,4964.54837231798,584.7366086792956,4960.7713780318445,584.7276107854823,4964.528159297917,584.741850483324,4962.753524731464,1,1,1
177,24,17.699978828430176,107.9503786672882,-1.7945600740938803,1.982070589858669,-1.7746916953225227,0.0,584.7275968809719,4964.548028198819,584.7366086792956,4960.7713780318445,584.7276107854823,4964.528159297917,584.741850483324,4962.753524731464,1,1,1
178,24,17.799962997436523,107.9503786672882,-1.7946680769692067,1.982070589858669,-1.7746916953225227,0.0,584.7276082139094,4964.548136295077,584.7366086792956,4960.7713780318445,584.7276107854823,4964.528159297917,584.741850483324,4962.753524731464,1,1,1
179,24,17.899984836578373,107.9503786672882,-1.794584209923346,1.982070589858669,-1.7746916953225227,0.0,584.7275266043437,4964.54805177584,584.7366086792956,4960.7713780318445,584.7276107854823,4964.528159297917,584.741850483324,4962.753524731464,1,1,1
180,24,17.999973058700558,107.9503786672882,-1.79474093652706,1.9820652469533702,-1.7746916953225227,0.0,584.7274524323001,4964.548207913915,584.7361123393919,4960.771376869035,584.7276107854823,4964.528159297917,584.741850483324,4962.753524731464,1,1,1
181,24,18.09996104240417,107.9498791398584,-1.7945404229356983,1.9820652469533702,-1.7746916953225227,0.0,584.7273398654314,4964.54800649422,584.7361123393919,4960.771376869035,584.7276107854823,4964.528159297917,584.7413509707793,4962.7535207688725,1,1,1
182,24,18.199949026107788,107.9498791398584,-1.7944850217457675,1.9820652469533702,-1.7746916953225227,0.0,584.727323064215,4964.547950960077,584.7361123393919,4960.771376869035,584.7276107854823,4964.528159297917,584.7413509707793,4962.7535207688725,1,1,1
183,24,18.299934864044197,107.9503786672882,-1.7943658567764664,1.9820652469533702,-1.7746916953225227,0.0,584.7273871505616,4964.547832297064,584.7361123393919,4960.771376869035,584.7276107854823,4964.528159297917,584.741850483324,4962.753524731464,1,1,1
184,24,18.39991283416748,107.9498791398584,-1.7944252401309717,1.9820652469533702,-1.7746931701216238,0.0,584.7272305711241,4964.547890451166,584.7361123393919,4960.771376869035,584.7271122262192,4964.528156817822,584.7413509707793,4962.7535207688725,1,1,1
185,24,18.499934911727905,107.9498791398584,-1.7944538333855573,1.9820652469533702,-1.7746931701216238,0.0,584.7272028976003,4964.547918827325,584.7361123393919,4960.771376869035,584.7271122262192,4964.528156817822,584.7413509707793,4962.7535207688725,1,1,1
186,24,18.5999219417572,107.9498791398584,-1.7943757575312798,1.9820652469533702,-1.7746931701216238,0.0,584.7271324802603,4964.5478401924265,584.7361123393919,4960.771376869035,584.7271122262192,4964.528156817822,584.7413509707793,4962.7535207688725,1,1,1
187,24,18.699905872344967,107.9498791398584,-1.7942011961887099,1.9820652469533702,-1.7746931701216238,0.0,584.7271238951324,4964.547665557546,584.7361123393919,4960.771376869035,584.7271122262192,4964.528156817822,584.7413509707793,4962.7535207688725,1,1,1
188,24,18.799892902374264,107.9498791398584,-1.7943285913651554,1.9820652469533702,-1.7746931701216238,0.0,584.7271448021365,4964.54779312238,584.7361123393919,4960.771376869035,584.7271122262192,4964.528156817822,584.7413509707793,4962.7535207688725,1,1,1
189,24,18.89987587928772,107.9498791398584,-1.7943951159885034,1.9820652469533702,-1.7746931701216238,0.0,584.7271786008989,4964.5478599163625,584.7361123393919,4960.771376869035,584.7271122262192,4964.528156817822,584.7413509707793,4962.7535207688725,1,1,1
190,24,18.99989986419677,107.9498791398584,-1.794365606501697,1.9820652469533702,-1.7746931701216238,0.0,584.7272443124402,4964.547830923775,584.7361123393919,4960.771376869035,584.7271122262192,4964.528156817822,584.7413509707793,4962.7535207688725,1,1,1
191,24,19.099884033203125,107.9498791398584,-1.7944174722353656,1.9820652469533702,-1.7746931701216238,0.0,584.7272141122285,4964.547882553434,584.7361123393919,4960.771376869035,584.7271122262192,4964.528156817822,584.7413509707793,4962.7535207688725,1,1,1
192,24,19.19986891746521,107.9498791398584,-1.794338252527372,1.9820652469533702,-1.7746931701216238,0.0,584.7270612696723,4964.547802120535,584.7361123393919,4960.771376869035,584.7271122262192,4964.528156817822,584.7413509707793,4962.7535207688725,1,1,1
193,24,19.299891948699948,107.9498791398584,-1.7943213028164713,1.9820652469533702,-1.7746931701216238,0.0,584.7270619815208,4964.547785175956,584.7361123393919,4960.771376869035,584.7271122262192,4964.528156817822,584.7413509707793,4962.7535207688725,1,1,1
194,24,19.399874925613407,107.9498791398584,-1.7945522506040252,1.9820652469533702,-1.7746931701216238,0.0,584.7270978387472,4964.548016416227,584.7361123393919,4960.771376869035,584.7271122262192,4964.528156817822,584.7413509707793,4962.7535207688725,1,1,1
195,24,19.499865055084232,107.9498791398584,-1.7944404025691676,1.9820652469533702,-1.7746931701216238,0.0,584.7271418929164,4964.547904914054,584.7361123393919,4960.771376869035,584.7271122262192,4964.528156817822,584.7413509707793,4962.7535207688725,1,1,1
196,24,19.59989595413208,107.9498791398584,-1.7942616879519329,1.9820652469533702,-1.7746931701216238,0.0,584.7271000156121,4964.5477258617,584.7361123393919,4960.771376869035,584.7271122262192,4964.528156817822,584.7413509707793,4962.7535207688725,1,1,1
197,24,19.69988393783569,107.9498791398584,-1.7943825902864028,1.9820600283249905,-1.7746931701216238,0.0,584.7270130010403,4964.547846074648,584.7356159994882,4960.771375706226,584.7271122262192,4964.528156817822,584.7413509707793,4962.7535207688725,1,1,1
198,24,19.7999119758606,107.9498791398584,-1.7945494513629519,1.9820600283249905,-1.7746931701216238,0.0,584.7269650997835,4964.548012557681,584.7356159994882,4960.771375706226,584.7271122262192,4964.528156817822,584.7413509707793,4962.7535207688725,1,1,1
